,date,code,open,high,low,close,preclose,volume,amount,adjustflag,turn,tradestatus,pctChg
0,2022-02-21,sh.600844,3.4800,3.5400,3.4400,3.5300,3.4700,7314620,25611551.2000,3,0.889100,1,1.729100
1,2022-02-22,sh.600844,3.5000,3.8800,3.4700,3.6900,3.5300,48068900,179825975.6500,3,5.842600,1,4.532600
2,2022-02-23,sh.600844,3.7100,4.0600,3.6200,3.9900,3.6900,90195613,357171951.0100,3,10.963000,1,8.130100
3,2022-02-24,sh.600844,3.8900,3.9400,3.6400,3.7700,3.9900,73711704,278536231.3700,3,8.959400,1,-5.513800
4,2022-02-25,sh.600844,3.7100,3.7800,3.6400,3.6500,3.7700,30594900,113072414.0000,3,3.718700,1,-3.183000
5,2022-02-28,sh.600844,3.6800,3.7200,3.5900,3.6900,3.6500,19477600,71323392.0000,3,2.367400,1,1.095900
6,2022-03-01,sh.600844,3.6600,3.6900,3.6200,3.6800,3.6900,16650300,60863725.0000,3,2.023800,1,-0.271000
7,2022-03-02,sh.600844,3.6600,3.7400,3.6500,3.7400,3.6800,18992401,70283372.0000,3,2.308500,1,1.630400
8,2022-03-03,sh.600844,3.7400,4.1100,3.7300,4.1100,3.7400,81882341,330545712.0000,3,9.952500,1,9.893000
9,2022-03-04,sh.600844,4.0800,4.4700,3.9800,4.0100,4.1100,119934024,495244320.0000,3,14.577600,1,-2.433100
10,2022-03-07,sh.600844,3.9000,4.0400,3.8200,3.8600,4.0100,54683300,214361546.0000,3,6.646600,1,-3.740600
11,2022-03-08,sh.600844,3.8600,3.8900,3.7000,3.7300,3.8600,32108802,120929193.0000,3,3.902700,1,-3.367900
12,2022-03-09,sh.600844,3.7200,3.7900,3.4700,3.6500,3.7300,31244154,114258454.0000,3,3.797600,1,-2.144800
13,2022-03-10,sh.600844,3.7200,3.7800,3.6500,3.7300,3.6500,29633800,110131719.0000,3,3.601900,1,2.191800
14,2022-03-11,sh.600844,3.6800,3.7300,3.5500,3.7100,3.7300,22360860,81338388.0000,3,2.717900,1,-0.536200
15,2022-03-14,sh.600844,3.7100,3.7900,3.5800,3.5900,3.7100,21463100,79008901.0000,3,2.608800,1,-3.234500
16,2022-03-15,sh.600844,3.5500,3.5800,3.3600,3.3900,3.5900,21498600,74786932.0000,3,2.613100,1,-5.571000
17,2022-03-16,sh.600844,3.4300,3.5000,3.3400,3.4900,3.3900,15975461,54979480.0000,3,1.941800,1,2.949900
18,2022-03-17,sh.600844,3.5100,3.6200,3.4900,3.5100,3.4900,17234090,61247815.0000,3,2.094700,1,0.573100
19,2022-03-18,sh.600844,3.5400,3.5800,3.4800,3.5600,3.5100,11992989,42499644.0600,3,1.457700,1,1.424500
20,2022-03-21,sh.600844,3.5700,3.6500,3.5600,3.6400,3.5600,15027800,54264523.0000,3,1.826600,1,2.247200
21,2022-03-22,sh.600844,3.6500,3.6600,3.5800,3.6100,3.6400,10521697,37956591.3100,3,1.278900,1,-0.824200
22,2022-03-23,sh.600844,3.6200,3.6400,3.5700,3.5800,3.6100,10234500,36898077.0000,3,1.244000,1,-0.831000
23,2022-03-24,sh.600844,3.5900,3.5900,3.5100,3.5300,3.5800,10530900,37349355.0000,3,1.280000,1,-1.396600
24,2022-03-25,sh.600844,3.5500,3.7000,3.5300,3.6100,3.5300,18003400,65326064.0000,3,2.188200,1,2.266300
25,2022-03-28,sh.600844,3.6100,3.6100,3.4900,3.5600,3.6100,12408801,44030522.5500,3,1.508200,1,-1.385000
26,2022-03-29,sh.600844,3.5600,3.6000,3.4800,3.4900,3.5600,11821000,41573499.0000,3,1.436800,1,-1.966300
27,2022-03-30,sh.600844,3.4900,3.5300,3.4700,3.5100,3.4900,8533400,29905021.0000,3,1.037200,1,0.573100
28,2022-03-31,sh.600844,3.5000,3.5800,3.4700,3.4800,3.5100,11078400,39024576.0000,3,1.346500,1,-0.854700
29,2022-04-01,sh.600844,3.5000,3.5000,3.4100,3.4500,3.4800,10155801,34946517.4100,3,1.234400,1,-0.862100
30,2022-04-06,sh.600844,3.4500,3.5100,3.3900,3.5100,3.4500,10660800,37159666.0000,3,1.295800,1,1.739100
31,2022-04-07,sh.600844,3.5000,3.5100,3.4200,3.4400,3.5100,8934900,30908679.0000,3,1.086000,1,-1.994300
32,2022-04-08,sh.600844,3.4400,3.4500,3.3300,3.4100,3.4400,10831001,36705957.4200,3,1.316500,1,-0.872100
33,2022-04-11,sh.600844,3.3900,3.4000,3.2500,3.2900,3.4100,11062200,36758865.0000,3,1.344600,1,-3.519100
34,2022-04-12,sh.600844,3.2800,3.3400,3.2100,3.3300,3.2900,9433400,30851516.0000,3,1.146600,1,1.215800
35,2022-04-13,sh.600844,3.3100,3.3600,3.2500,3.2900,3.3300,8746200,28949681.0000,3,1.063100,1,-1.201200
36,2022-04-14,sh.600844,3.3000,3.3200,3.2500,3.2800,3.2900,8448859,27710433.5400,3,1.026900,1,-0.304000
37,2022-04-15,sh.600844,3.2700,3.2800,3.1700,3.1900,3.2800,9821100,31589855.0000,3,1.193700,1,-2.743900
38,2022-04-18,sh.600844,3.1900,3.2100,3.1200,3.1800,3.1900,6654302,21047058.3400,3,0.808800,1,-0.313500
39,2022-04-19,sh.600844,3.1800,3.2400,3.1700,3.2400,3.1800,7727702,24749102.4000,3,0.939300,1,1.886800
40,2022-04-20,sh.600844,3.2300,3.3700,3.2000,3.2200,3.2400,12719901,41655651.1800,3,1.546100,1,-0.617300
41,2022-04-21,sh.600844,3.2000,3.2500,3.0200,3.0300,3.2200,12862000,39948992.0000,3,1.563300,1,-5.900600
42,2022-04-22,sh.600844,3.0200,3.1200,2.9500,3.0700,3.0300,9923400,29945032.0000,3,1.206200,1,1.320100
43,2022-04-25,sh.600844,3.0200,3.0200,2.8100,2.8400,3.0700,11388300,33258935.4500,3,1.384200,1,-7.491900
44,2022-04-26,sh.600844,2.8400,2.8700,2.6800,2.7100,2.8400,8862900,24646050.0000,3,1.077300,1,-4.577500
45,2022-04-27,sh.600844,2.5700,2.7900,2.5700,2.7700,2.7100,8827303,23752245.8900,3,1.072900,1,2.214000
46,2022-04-28,sh.600844,2.7500,2.8100,2.6900,2.7300,2.7700,6146964,16933967.0800,3,0.747100,1,-1.444000
47,2022-04-29,sh.600844,2.7300,2.9200,2.7300,2.8900,2.7300,8269300,23573904.0000,3,1.005100,1,5.860800
48,2022-05-05,sh.600844,2.9200,3.0000,2.9000,2.9500,2.8900,7261500,21480847.0000,3,0.882600,1,2.076100
49,2022-05-06,sh.600844,2.9000,2.9500,2.8500,2.9100,2.9500,5604300,16314987.0000,3,0.681200,1,-1.355900
50,2022-05-09,sh.600844,2.9500,3.1900,2.9100,3.1500,2.9100,16708410,51204001.2900,3,2.030800,1,8.247400
51,2022-05-10,sh.600844,3.0500,3.0700,3.0000,3.0400,3.1500,16363510,49601377.2900,3,1.988900,1,-3.492100
52,2022-05-11,sh.600844,3.0300,3.0900,3.0100,3.0200,3.0400,9688350,29655152.5000,3,1.177600,1,-0.657900
53,2022-05-12,sh.600844,3.0000,3.1800,3.0000,3.1200,3.0200,13664500,42329467.0000,3,1.660900,1,3.311300
54,2022-05-13,sh.600844,3.1400,3.2800,3.1000,3.1300,3.1200,10454400,32893984.0000,3,1.270700,1,0.320500
55,2022-05-16,sh.600844,3.1200,3.2300,3.1000,3.1600,3.1300,9310700,29426543.0000,3,1.131700,1,0.958500
56,2022-05-17,sh.600844,3.1700,3.3500,3.1700,3.2300,3.1600,12870700,41615839.0000,3,1.564400,1,2.215200
57,2022-05-18,sh.600844,3.1400,3.2900,3.1400,3.1900,3.2300,8367802,26679892.3600,3,1.017100,1,-1.238400
58,2022-05-19,sh.600844,3.1300,3.2300,3.1200,3.2200,3.1900,7565000,24052701.0000,3,0.919500,1,0.940400
59,2022-05-20,sh.600844,3.2000,3.4100,3.2000,3.2900,3.2200,15588300,51276571.0000,3,1.894700,1,2.173900
60,2022-05-23,sh.600844,3.2900,3.3600,3.2700,3.3300,3.2900,13956125,46172278.2500,3,1.696300,1,1.215800
61,2022-05-24,sh.600844,3.3500,3.3500,3.1600,3.1600,3.3300,10645100,34532800.0000,3,1.293900,1,-5.105100
62,2022-05-25,sh.600844,3.1700,3.2300,3.1600,3.2100,3.1600,5975180,19137260.0000,3,0.726300,1,1.582300
63,2022-05-26,sh.600844,3.2400,3.2600,3.1400,3.2000,3.2100,6779000,21603929.0000,3,0.824000,1,-0.311500
64,2022-05-27,sh.600844,3.2000,3.2300,3.1500,3.2000,3.2000,6512800,20822544.0000,3,0.791600,1,0.000000
65,2022-05-30,sh.600844,3.2100,3.3000,3.1900,3.2600,3.2000,9216900,29982143.0000,3,1.120300,1,1.875000
66,2022-05-31,sh.600844,3.2600,3.2900,3.2400,3.2800,3.2600,7451900,24323310.0000,3,0.905800,1,0.613500
67,2022-06-01,sh.600844,3.2800,3.2900,3.2100,3.2500,3.2800,6583800,21459454.0000,3,0.800200,1,-0.914600
68,2022-06-02,sh.600844,3.2400,3.2400,3.1800,3.2300,3.2500,5823500,18712219.0000,3,0.707800,1,-0.615400
69,2022-06-06,sh.600844,3.2500,3.2900,3.2200,3.2600,3.2300,6422900,20945991.0000,3,0.780700,1,0.928800
70,2022-06-07,sh.600844,3.2600,3.2800,3.1700,3.2300,3.2600,7175602,23159613.5000,3,0.872200,1,-0.920200
71,2022-06-08,sh.600844,3.2200,3.2700,3.1500,3.2400,3.2300,8248900,26522519.0000,3,1.002600,1,0.309600
72,2022-06-09,sh.600844,3.1800,3.2300,3.1400,3.1700,3.2400,6589800,20932934.0000,3,0.801000,1,-2.160500
73,2022-06-10,sh.600844,3.1700,3.2300,3.1400,3.2200,3.1700,7223800,23161041.0000,3,0.878000,1,1.577300
74,2022-06-13,sh.600844,3.2300,3.2900,3.1900,3.2300,3.2200,7333100,23758938.0000,3,0.891300,1,0.310600
75,2022-06-14,sh.600844,3.1900,3.2800,3.1600,3.2600,3.2300,12133600,39170364.0000,3,1.474800,1,0.928800
76,2022-06-15,sh.600844,3.2500,3.2900,3.2400,3.2400,3.2600,8949800,29225077.0000,3,1.087800,1,-0.613500
77,2022-06-16,sh.600844,3.2400,3.2600,3.1800,3.2000,3.2400,8598000,27689196.0000,3,1.045100,1,-1.234600
78,2022-06-17,sh.600844,3.1800,3.2100,3.1500,3.1800,3.2000,6429550,20427339.5000,3,0.781500,1,-0.625000
79,2022-06-20,sh.600844,3.5000,3.5000,3.2800,3.3300,3.1800,42237202,143744924.4200,3,5.133800,1,4.717000
80,2022-06-21,sh.600844,3.2600,3.3100,3.1900,3.2100,3.3300,24643500,79861800.0000,3,2.995300,1,-3.603600
81,2022-06-22,sh.600844,3.1900,3.2200,3.1200,3.1200,3.2100,13300800,42098086.0000,3,1.616700,1,-2.803700
82,2022-06-23,sh.600844,3.1100,3.1600,3.0800,3.1500,3.1200,7916700,24766857.0000,3,0.962200,1,0.961500
83,2022-06-24,sh.600844,3.1600,3.1900,3.1400,3.1700,3.1500,6885600,21784319.0000,3,0.836900,1,0.634900
84,2022-06-27,sh.600844,3.1700,3.1700,3.1300,3.1400,3.1700,7801501,24539556.1400,3,0.948200,1,-0.946400
85,2022-06-28,sh.600844,3.1400,3.2400,3.1200,3.2300,3.1400,13002900,41503874.0000,3,1.580500,1,2.866200
86,2022-06-29,sh.600844,3.2100,3.2200,3.1600,3.1600,3.2300,10073311,32081083.0900,3,1.224400,1,-2.167200
87,2022-06-30,sh.600844,3.1600,3.2000,3.1400,3.1500,3.1600,7704501,24392224.0600,3,0.936500,1,-0.316500
88,2022-07-01,sh.600844,3.1400,3.1600,3.1200,3.1500,3.1500,5596701,17587245.1300,3,0.680300,1,0.000000
89,2022-07-04,sh.600844,3.1400,3.1500,3.1100,3.1500,3.1500,8690797,27192823.6000,3,1.056300,1,0.000000
90,2022-07-05,sh.600844,3.1400,3.1500,3.0600,3.1000,3.1500,8739320,27117090.5000,3,1.062200,1,-1.587300
91,2022-07-06,sh.600844,3.1000,3.1100,3.0000,3.0400,3.1000,8649901,26348493.9900,3,1.051400,1,-1.935500
92,2022-07-07,sh.600844,3.0200,3.0800,3.0100,3.0600,3.0400,5099255,15552646.6500,3,0.619800,1,0.657900
93,2022-07-08,sh.600844,3.0600,3.1100,3.0600,3.0900,3.0600,4993300,15412490.0000,3,0.606900,1,0.980400
94,2022-07-11,sh.600844,3.0900,3.1500,3.0500,3.1400,3.0900,7939813,24666513.4300,3,0.965100,1,1.618100
95,2022-07-12,sh.600844,3.1500,3.1700,3.0900,3.1000,3.1400,6231884,19499075.4000,3,0.757500,1,-1.273900
96,2022-07-13,sh.600844,3.1300,3.1300,3.0800,3.1200,3.1000,5185702,16124968.2200,3,0.630300,1,0.645200
97,2022-07-14,sh.600844,3.1000,3.1000,3.0500,3.0700,3.1200,5750002,17647723.1000,3,0.698900,1,-1.602600
98,2022-07-15,sh.600844,3.0500,3.0700,3.0100,3.0200,3.0700,5596300,16976145.0000,3,0.680200,1,-1.628700
99,2022-07-18,sh.600844,3.0200,3.0900,3.0200,3.0800,3.0200,6621984,20318036.0400,3,0.804900,1,1.986800
100,2022-07-19,sh.600844,3.1000,3.1700,3.0700,3.1300,3.0800,6304738,19713208.6300,3,0.766300,1,1.623400
101,2022-07-20,sh.600844,3.1300,3.2100,3.1200,3.1700,3.1300,8215084,25990501.4400,3,0.998500,1,1.278000
102,2022-07-21,sh.600844,3.1800,3.1900,3.1400,3.1600,3.1700,5767755,18270569.2500,3,0.701100,1,-0.315500
103,2022-07-22,sh.600844,3.1600,3.1900,3.1300,3.1600,3.1600,5956945,18812721.3000,3,0.724000,1,0.000000
104,2022-07-25,sh.600844,3.1500,3.1800,3.1200,3.1500,3.1600,5696500,17935620.0000,3,0.692400,1,-0.316500
105,2022-07-26,sh.600844,3.1500,3.1700,3.1100,3.1700,3.1500,4365700,13737747.0000,3,0.530600,1,0.634900
106,2022-07-27,sh.600844,3.1700,3.2000,3.1500,3.2000,3.1700,6227515,19811956.4000,3,0.756900,1,0.946400
107,2022-07-28,sh.600844,3.2000,3.2200,3.1900,3.1900,3.2000,5423033,17350575.2700,3,0.659200,1,-0.312500
108,2022-07-29,sh.600844,3.2000,3.2300,3.1600,3.1700,3.1900,5746800,18313210.0000,3,0.698500,1,-0.627000
109,2022-08-01,sh.600844,3.1800,3.2400,3.1600,3.2200,3.1700,9750903,31317255.5500,3,1.185200,1,1.577300
110,2022-08-02,sh.600844,3.1900,3.2100,3.0200,3.0700,3.2200,11361601,35150886.0900,3,1.381000,1,-4.658400
111,2022-08-03,sh.600844,3.0800,3.1500,3.0300,3.0300,3.0700,8555100,26420866.0000,3,1.039800,1,-1.302900
112,2022-08-04,sh.600844,3.0500,3.1200,3.0500,3.1100,3.0300,6532576,20185431.0000,3,0.794000,1,2.640300
113,2022-08-05,sh.600844,3.1200,3.1400,3.0800,3.1200,3.1100,5151100,16029283.0000,3,0.626100,1,0.321500
114,2022-08-08,sh.600844,3.1500,3.1500,3.1000,3.1200,3.1200,5147564,16050692.0000,3,0.625700,1,0.000000
115,2022-08-09,sh.600844,3.1200,3.1500,3.1000,3.1400,3.1200,4680700,14649955.0000,3,0.568900,1,0.641000
116,2022-08-10,sh.600844,3.1300,3.1800,3.1300,3.1700,3.1400,6627001,20926860.0000,3,0.805500,1,0.955400
117,2022-08-11,sh.600844,3.1800,3.2200,3.1700,3.1900,3.1700,7229600,23100055.0000,3,0.878700,1,0.630900
118,2022-08-12,sh.600844,3.2100,3.2500,3.1800,3.2300,3.1900,9335602,30043939.0000,3,1.134700,1,1.253900
119,2022-08-15,sh.600844,3.2000,3.2600,3.2000,3.2300,3.2300,8072402,26086163.4400,3,0.981200,1,0.000000
120,2022-08-16,sh.600844,3.2300,3.2700,3.2200,3.2600,3.2300,7568964,24608961.6400,3,0.920000,1,0.928800
121,2022-08-17,sh.600844,3.2800,3.4200,3.2800,3.3100,3.2600,17617555,58688346.3500,3,2.141400,1,1.533700
122,2022-08-18,sh.600844,3.3100,3.3200,3.2600,3.2800,3.3100,9798900,32132566.0000,3,1.191000,1,-0.906300
123,2022-08-19,sh.600844,3.2700,3.3200,3.2200,3.2500,3.2800,8506000,27716125.0000,3,1.033900,1,-0.914600
124,2022-08-22,sh.600844,3.2600,3.3800,3.2400,3.3700,3.2500,16447302,54773577.7000,3,1.999100,1,3.692300
125,2022-08-23,sh.600844,3.3700,3.7000,3.3300,3.4900,3.3700,39204008,137481263.1400,3,4.765100,1,3.560800
126,2022-08-24,sh.600844,3.4900,3.5800,3.4000,3.4000,3.4900,26970403,94136567.2700,3,3.278200,1,-2.578800
127,2022-08-25,sh.600844,3.4300,3.5000,3.3700,3.4300,3.4000,17088300,58747736.0000,3,2.077000,1,0.882400
128,2022-08-26,sh.600844,3.4700,3.4700,3.3700,3.3700,3.4300,11135300,37877127.0000,3,1.353500,1,-1.749300
129,2022-08-29,sh.600844,3.3600,3.5300,3.2500,3.4600,3.3700,17866217,61415132.6500,3,2.171600,1,2.670600
130,2022-08-30,sh.600844,3.5000,3.5000,3.3800,3.4200,3.4600,11351097,38910189.8300,3,1.379700,1,-1.156100
131,2022-08-31,sh.600844,3.4200,3.4200,3.3100,3.3300,3.4200,12479297,41750236.0100,3,1.516800,1,-2.631600
132,2022-09-01,sh.600844,3.3300,3.3700,3.2800,3.3200,3.3300,9701600,32306132.0000,3,1.179200,1,-0.300300
133,2022-09-02,sh.600844,3.3300,3.3800,3.3300,3.3400,3.3200,5987400,20048105.0000,3,0.727700,1,0.602400
134,2022-09-05,sh.600844,3.3300,3.4500,3.3300,3.4300,3.3400,9477008,32281614.2000,3,1.151900,1,2.694600
135,2022-09-06,sh.600844,3.4300,3.6500,3.4100,3.5500,3.4300,23760600,84286598.0000,3,2.888000,1,3.498500
136,2022-09-07,sh.600844,3.5700,3.6200,3.5300,3.5500,3.5500,16900503,60256754.6200,3,2.054200,1,0.000000
137,2022-09-08,sh.600844,3.5600,3.5700,3.4300,3.4500,3.5500,13054667,45399503.6400,3,1.586700,1,-2.816900
138,2022-09-09,sh.600844,3.4600,3.4700,3.3900,3.4100,3.4500,10450281,35703780.5500,3,1.270200,1,-1.159400
139,2022-09-13,sh.600844,3.4100,3.7000,3.4100,3.5900,3.4100,29921160,107657141.8000,3,3.636800,1,5.278600
140,2022-09-14,sh.600844,3.5300,3.5400,3.4500,3.5100,3.5900,16455700,57446720.0000,3,2.000100,1,-2.228400
141,2022-09-15,sh.600844,3.5100,3.5500,3.3400,3.3900,3.5100,14933200,50914287.0000,3,1.815100,1,-3.418800
142,2022-09-16,sh.600844,3.4100,3.4400,3.2500,3.2700,3.3900,12286800,40748505.0000,3,1.493400,1,-3.539800
143,2022-09-19,sh.600844,3.2700,3.3400,3.2000,3.2200,3.2700,9464500,30919329.0000,3,1.150400,1,-1.529100
144,2022-09-20,sh.600844,3.2500,3.5400,3.2500,3.4100,3.2200,23927039,82417267.1400,3,2.908200,1,5.900600
145,2022-09-21,sh.600844,3.4300,3.6500,3.3700,3.5400,3.4100,32356104,114191799.2400,3,3.932800,1,3.812300
146,2022-09-22,sh.600844,3.5300,3.6200,3.4800,3.5000,3.5400,22490704,79813232.1800,3,2.733700,1,-1.129900
147,2022-09-23,sh.600844,3.5100,3.7000,3.4200,3.4800,3.5000,17320700,60936856.0000,3,2.105300,1,-0.571400
148,2022-09-26,sh.600844,3.4100,3.4600,3.2500,3.2700,3.4800,20583300,68151499.0000,3,2.501800,1,-6.034500
149,2022-09-27,sh.600844,3.2600,3.3500,3.1800,3.2800,3.2700,17367400,56325570.0000,3,2.110900,1,0.305800
150,2022-09-28,sh.600844,3.2800,3.2800,3.1100,3.1100,3.2800,13809913,43716252.0100,3,1.678500,1,-5.182900
151,2022-09-29,sh.600844,3.1400,3.1900,3.0200,3.0600,3.1100,11777801,36373931.0400,3,1.431600,1,-1.607700
152,2022-09-30,sh.600844,3.0300,3.0800,3.0100,3.0300,3.0600,7761400,23578096.0000,3,0.943400,1,-0.980400
153,2022-10-10,sh.600844,3.0200,3.0400,2.9200,2.9400,3.0300,8201276,24453937.0000,3,0.996800,1,-2.970300
154,2022-10-11,sh.600844,2.9400,2.9900,2.8800,2.9800,2.9400,7947600,23348037.0000,3,0.966000,1,1.360500
155,2022-10-12,sh.600844,2.9600,3.0600,2.9500,3.0600,2.9800,7316500,21989185.0000,3,0.889300,1,2.684600
156,2022-10-13,sh.600844,3.0600,3.2300,3.0200,3.1600,3.0600,13702700,43045350.0000,3,1.665500,1,3.268000
157,2022-10-14,sh.600844,3.2000,3.2300,3.1500,3.1800,3.1600,8434500,26761061.0000,3,1.025200,1,0.632900
158,2022-10-17,sh.600844,3.1700,3.2400,3.1400,3.2300,3.1800,6353001,20326067.1900,3,0.772200,1,1.572300
159,2022-10-18,sh.600844,3.2500,3.2500,3.1800,3.2200,3.2300,5019500,16108338.0000,3,0.610100,1,-0.309600
160,2022-10-19,sh.600844,3.2000,3.2300,3.1500,3.1600,3.2200,4689502,14908908.3600,3,0.570000,1,-1.863400
161,2022-10-20,sh.600844,3.1300,3.1900,3.0900,3.1500,3.1600,5243200,16460204.0000,3,0.637300,1,-0.316500
162,2022-10-21,sh.600844,3.1400,3.1600,3.1100,3.1400,3.1500,4740100,14867563.0000,3,0.576100,1,-0.317500
163,2022-10-24,sh.600844,3.1600,3.1700,3.0300,3.0500,3.1400,7086810,21904751.9000,3,0.861400,1,-2.866200
164,2022-10-25,sh.600844,3.0100,3.0500,2.9700,3.0300,3.0500,5541769,16672449.3500,3,0.673600,1,-0.655700
165,2022-10-26,sh.600844,3.0300,3.1000,3.0300,3.0600,3.0300,5976500,18344936.0000,3,0.726400,1,0.990100
166,2022-10-27,sh.600844,3.0600,3.0900,3.0300,3.0400,3.0600,4163300,12718199.0000,3,0.506000,1,-0.653600
167,2022-10-28,sh.600844,3.0100,3.0100,2.8700,2.8800,3.0400,12412500,36255683.9800,3,1.508700,1,-5.263200
168,2022-10-31,sh.600844,2.8900,2.9400,2.8700,2.9100,2.8800,5295900,15378936.0000,3,0.643700,1,1.041700
169,2022-11-01,sh.600844,2.9100,2.9500,2.8900,2.9500,2.9100,4444567,13025168.9800,3,0.540200,1,1.374600
170,2022-11-02,sh.600844,2.9500,2.9800,2.9200,2.9600,2.9500,5705700,16886284.0000,3,0.693500,1,0.339000
171,2022-11-03,sh.600844,2.9500,2.9800,2.9300,2.9700,2.9600,5398000,15946220.0000,3,0.656100,1,0.337800
172,2022-11-04,sh.600844,2.9700,3.0400,2.9500,3.0300,2.9700,8908958,26717581.1200,3,1.082900,1,2.020200
173,2022-11-07,sh.600844,3.0300,3.0800,3.0100,3.0700,3.0300,6424370,19574020.2000,3,0.780900,1,1.320100
174,2022-11-08,sh.600844,3.0800,3.0900,3.0500,3.0800,3.0700,4969400,15240055.0000,3,0.604000,1,0.325700
175,2022-11-09,sh.600844,3.0700,3.1000,3.0700,3.0800,3.0800,3715902,11466344.1400,3,0.451700,1,0.000000
176,2022-11-10,sh.600844,3.0700,3.1100,3.0300,3.1100,3.0800,7091772,21871649.4800,3,0.862000,1,0.974000
177,2022-11-11,sh.600844,3.1400,3.1500,3.1000,3.1300,3.1100,6551300,20454676.9800,3,0.796300,1,0.643100
178,2022-11-14,sh.600844,3.1300,3.2000,3.1100,3.1300,3.1300,7860600,24762642.5600,3,0.955400,1,0.000000
179,2022-11-15,sh.600844,3.1600,3.1800,3.1200,3.1600,3.1300,5452700,17221607.0000,3,0.662800,1,0.958500
180,2022-11-16,sh.600844,3.1700,3.1800,3.1500,3.1600,3.1600,4182600,13249299.0000,3,0.508400,1,0.000000
181,2022-11-17,sh.600844,3.1500,3.1800,3.1400,3.1700,3.1600,4943368,15624508.5600,3,0.600800,1,0.316500
182,2022-11-18,sh.600844,3.1700,3.2000,3.1100,3.1300,3.1700,5759033,18159736.4100,3,0.700000,1,-1.261800
183,2022-11-21,sh.600844,3.1400,3.1600,3.1000,3.1400,3.1300,6336669,19857090.8300,3,0.770200,1,0.319500
184,2022-11-22,sh.600844,3.1500,3.1800,3.1100,3.1200,3.1400,6895299,21745975.6300,3,0.838100,1,-0.636900
185,2022-11-23,sh.600844,3.1100,3.2200,3.1000,3.1200,3.1200,9316500,29310283.0000,3,1.132400,1,0.000000
186,2022-11-24,sh.600844,3.1200,3.2000,3.1200,3.1600,3.1200,8323900,26346892.0000,3,1.011700,1,1.282100
187,2022-11-25,sh.600844,3.1700,3.1900,3.1400,3.1700,3.1600,5659200,17895722.0000,3,0.687900,1,0.316500
188,2022-11-28,sh.600844,3.1200,3.1500,3.0900,3.1300,3.1700,6487500,20241797.0000,3,0.788500,1,-1.261800
189,2022-11-29,sh.600844,3.1400,3.1900,3.1300,3.1900,3.1300,7188933,22810339.9400,3,0.873800,1,1.916900
190,2022-11-30,sh.600844,3.1900,3.2200,3.1800,3.2000,3.1900,5147410,16471864.0000,3,0.625600,1,0.313500
191,2022-12-01,sh.600844,3.2000,3.2200,3.1600,3.1700,3.2000,5015900,15987115.0000,3,0.609700,1,-0.937500
192,2022-12-02,sh.600844,3.1600,3.2600,3.1600,3.2600,3.1700,9225701,29681785.2300,3,1.121400,1,2.839100
193,2022-12-05,sh.600844,3.2600,3.3100,3.2400,3.2700,3.2600,7300300,23781213.0000,3,0.887300,1,0.306700
194,2022-12-06,sh.600844,3.2800,3.2800,3.2200,3.2300,3.2700,4486200,14530362.0000,3,0.545300,1,-1.223200
195,2022-12-07,sh.600844,3.2500,3.3200,3.2400,3.2700,3.2300,10358100,33930231.0000,3,1.259000,1,1.238400
196,2022-12-08,sh.600844,3.3100,3.6000,3.3000,3.6000,3.2700,43967816,157373173.8500,3,5.344100,1,10.091700
197,2022-12-09,sh.600844,3.6100,3.6500,3.3900,3.4600,3.6000,75241832,260590176.4800,3,9.145400,1,-3.888900
198,2022-12-12,sh.600844,3.4400,3.4600,3.3600,3.3800,3.4600,33815675,114914124.4300,3,4.110200,1,-2.312100
199,2022-12-13,sh.600844,3.3800,3.4500,3.3600,3.4000,3.3800,25056832,85140112.8000,3,3.045600,1,0.591700
200,2022-12-14,sh.600844,3.3900,3.4400,3.3100,3.3300,3.4000,19922300,66441368.0000,3,2.421500,1,-2.058800
201,2022-12-15,sh.600844,3.3200,3.4100,3.3100,3.3500,3.3300,17005457,56923486.3800,3,2.067000,1,0.600600
202,2022-12-16,sh.600844,3.3100,3.3800,3.2900,3.3500,3.3500,14936000,49707798.0000,3,1.815400,1,0.000000
203,2022-12-19,sh.600844,3.3700,3.4000,3.2400,3.2600,3.3500,16175400,53299851.0000,3,1.966100,1,-2.686600
204,2022-12-20,sh.600844,3.2500,3.3100,3.2100,3.2900,3.2600,10795100,35267642.0000,3,1.312100,1,0.920200
205,2022-12-21,sh.600844,3.2500,3.2900,3.2200,3.2700,3.2900,9958300,32474952.0000,3,1.210400,1,-0.607900
206,2022-12-22,sh.600844,3.2900,3.3600,3.2500,3.2700,3.2700,14489217,47946702.5900,3,1.761100,1,0.000000
207,2022-12-23,sh.600844,3.2300,3.3300,3.1800,3.1900,3.2700,13593157,43889200.7800,3,1.652200,1,-2.446500
208,2022-12-26,sh.600844,3.1900,3.2300,3.1600,3.2200,3.1900,10022187,32000410.9300,3,1.218200,1,0.940400
209,2022-12-27,sh.600844,3.2200,3.2900,3.2100,3.2600,3.2200,10244668,33342209.3200,3,1.245200,1,1.242200
210,2022-12-28,sh.600844,3.2600,3.2600,3.1700,3.2000,3.2600,10502700,33617106.0000,3,1.276600,1,-1.840500
211,2022-12-29,sh.600844,3.1800,3.2000,3.1500,3.1700,3.2000,6441200,20457916.0000,3,0.782900,1,-0.937500
212,2022-12-30,sh.600844,3.1800,3.2000,3.1500,3.1800,3.1700,6647168,21106691.2400,3,0.807900,1,0.315500
213,2023-01-03,sh.600844,3.1800,3.2300,3.1700,3.2100,3.1800,9482700,30393524.0000,3,1.152600,1,0.943400
214,2023-01-04,sh.600844,3.2100,3.2300,3.1800,3.2100,3.2100,6607600,21198340.0000,3,0.803100,1,0.000000
215,2023-01-05,sh.600844,3.2100,3.2200,3.1600,3.1700,3.2100,10174242,32282178.7200,3,1.236600,1,-1.246100
216,2023-01-06,sh.600844,3.1800,3.1900,3.1300,3.1400,3.1700,8634200,27285568.0000,3,1.049500,1,-0.946400
217,2023-01-09,sh.600844,3.1400,3.1600,3.1300,3.1600,3.1400,6199550,19512982.5000,3,0.753500,1,0.636900
218,2023-01-10,sh.600844,3.1600,3.1600,3.0500,3.0700,3.1600,13548700,41763256.0000,3,1.646800,1,-2.848100
219,2023-01-11,sh.600844,3.0800,3.0800,3.0100,3.0200,3.0700,7570000,23083137.0000,3,0.920100,1,-1.628700
220,2023-01-12,sh.600844,3.0400,3.0400,2.9800,3.0200,3.0200,7372400,22230440.0000,3,0.896100,1,0.000000
221,2023-01-13,sh.600844,3.0300,3.0400,2.9800,3.0100,3.0200,5736300,17243138.0000,3,0.697200,1,-0.331100
222,2023-01-16,sh.600844,3.0000,3.0500,2.9900,3.0400,3.0100,7999028,24228393.8400,3,0.972300,1,0.996700
223,2023-01-17,sh.600844,3.0300,3.0900,3.0300,3.0700,3.0400,11670644,35707186.9600,3,1.418500,1,0.986800
224,2023-01-18,sh.600844,3.0800,3.1000,3.0600,3.0800,3.0700,7576100,23324189.0000,3,0.920800,1,0.325700
225,2023-01-19,sh.600844,3.0800,3.1000,3.0500,3.0900,3.0800,5968500,18384358.0000,3,0.725500,1,0.324700
226,2023-01-20,sh.600844,3.0900,3.1300,3.0800,3.1200,3.0900,7114805,22097621.4500,3,0.864800,1,0.970900
227,2023-01-30,sh.600844,3.1400,3.1900,3.1200,3.1800,3.1200,11807200,37260550.0000,3,1.435100,1,1.923100
228,2023-01-31,sh.600844,3.1500,3.1800,3.1000,3.1800,3.1800,10308100,32423335.0000,3,1.252900,1,0.000000
229,2023-02-01,sh.600844,3.2000,3.2100,3.1600,3.2000,3.1800,9626700,30694517.0000,3,1.170100,1,0.628900
230,2023-02-02,sh.600844,3.2300,3.2300,3.1800,3.2300,3.2000,8294626,26680942.7200,3,1.008200,1,0.937500
231,2023-02-03,sh.600844,3.2200,3.2300,3.1700,3.2200,3.2300,7665700,24532860.0000,3,0.931700,1,-0.309600
232,2023-02-06,sh.600844,3.2000,3.2400,3.1800,3.2200,3.2200,5534300,17809050.0000,3,0.672700,1,0.000000
233,2023-02-07,sh.600844,3.2300,3.2300,3.1900,3.2200,3.2200,5726757,18365989.4000,3,0.696100,1,0.000000
234,2023-02-08,sh.600844,3.2100,3.2300,3.2000,3.2200,3.2200,4475015,14376252.1500,3,0.543900,1,0.000000
235,2023-02-09,sh.600844,3.2100,3.2500,3.1800,3.2500,3.2200,7769800,25057865.0000,3,0.944400,1,0.931700
236,2023-02-10,sh.600844,3.2600,3.2900,3.2400,3.2500,3.2500,6957600,22686339.9900,3,0.845700,1,0.000000
237,2023-02-13,sh.600844,3.2600,3.2800,3.2400,3.2700,3.2500,6214800,20221724.0000,3,0.755400,1,0.615400
238,2023-02-14,sh.600844,3.2900,3.3100,3.2600,3.3000,3.2700,7844300,25753247.0000,3,0.953400,1,0.917400
239,2023-02-15,sh.600844,3.2900,3.3300,3.2800,3.3200,3.3000,6749000,22376324.0000,3,0.820300,1,0.606100
240,2023-02-16,sh.600844,3.3300,3.3400,3.1900,3.2200,3.3200,9686900,31685372.0000,3,1.177400,1,-3.012000
241,2023-02-17,sh.600844,3.2200,3.2800,3.2200,3.2400,3.2200,8867500,28797779.8900,3,1.077800,1,0.621100
242,2023-02-20,sh.600844,3.2500,3.2600,3.2000,3.2400,3.2400,5525000,17833116.0000,3,0.671500,1,0.000000
243,2023-02-21,sh.600844,3.2500,3.2600,3.2100,3.2400,3.2400,5869600,18988091.0000,3,0.713400,1,0.000000
244,2023-02-22,sh.600844,3.2400,3.2400,3.1900,3.2100,3.2400,5673200,18202168.0000,3,0.689600,1,-0.925900
245,2023-02-23,sh.600844,3.2000,3.2400,3.1700,3.1900,3.2100,8228000,26354369.0000,3,1.000100,1,-0.623100
246,2023-02-24,sh.600844,3.2000,3.2000,3.1400,3.1600,3.1900,4412600,13960027.0000,3,0.536300,1,-0.940400
247,2023-02-27,sh.600844,3.1800,3.1800,3.1100,3.1200,3.1600,6804000,21364142.0000,3,0.827000,1,-1.265800
248,2023-02-28,sh.600844,3.1300,3.1600,3.1200,3.1600,3.1200,5801100,18213877.0000,3,0.705100,1,1.282100
249,2023-03-01,sh.600844,3.1500,3.1800,3.1500,3.1700,3.1600,5764410,18235767.5000,3,0.700600,1,0.316500
250,2023-03-02,sh.600844,3.1700,3.1800,3.1500,3.1500,3.1700,5726801,18125651.1600,3,0.696100,1,-0.630900
251,2023-03-03,sh.600844,3.1600,3.1700,3.1100,3.1300,3.1500,6647801,20823455.1400,3,0.808000,1,-0.634900
252,2023-03-06,sh.600844,3.1400,3.1500,3.1000,3.1100,3.1300,6376600,19885746.0000,3,0.775100,1,-0.639000
253,2023-03-07,sh.600844,3.1200,3.1300,3.0600,3.0600,3.1100,7166600,22194268.0000,3,0.871100,1,-1.607700
254,2023-03-08,sh.600844,3.0500,3.0900,3.0500,3.0900,3.0600,5116803,15722211.1900,3,0.621900,1,0.980400
255,2023-03-09,sh.600844,3.1000,3.1100,3.0600,3.0900,3.0900,5302500,16359502.0000,3,0.644500,1,0.000000
256,2023-03-10,sh.600844,3.0700,3.0900,3.0300,3.0300,3.0900,5902500,18004352.0000,3,0.717400,1,-1.941700
257,2023-03-13,sh.600844,3.0300,3.0600,3.0100,3.0200,3.0300,6670100,20174873.0000,3,0.810700,1,-0.330000
258,2023-03-14,sh.600844,3.0200,3.0300,2.9500,2.9900,3.0200,7405100,22126733.0000,3,0.900100,1,-0.993400
259,2023-03-15,sh.600844,3.0000,3.0400,2.9900,3.0200,2.9900,5597611,16875789.1100,3,0.680400,1,1.003300
260,2023-03-16,sh.600844,3.0200,3.0200,2.9700,2.9800,3.0200,6511500,19491611.0000,3,0.791400,1,-1.324500
261,2023-03-17,sh.600844,2.9800,3.0100,2.9800,2.9900,2.9800,5206700,15584345.0000,3,0.632900,1,0.335600
262,2023-03-20,sh.600844,2.9900,3.0400,2.9900,3.0000,2.9900,8057700,24299014.0000,3,0.979400,1,0.334400
263,2023-03-21,sh.600844,3.0100,3.0300,2.9800,3.0200,3.0000,7019000,21075471.0000,3,0.853100,1,0.666700
264,2023-03-22,sh.600844,3.0200,3.0400,3.0000,3.0300,3.0200,5745900,17357503.0000,3,0.698400,1,0.331100
265,2023-03-23,sh.600844,3.0300,3.0300,2.9900,3.0100,3.0300,5966215,17924111.1500,3,0.725200,1,-0.660100
266,2023-03-24,sh.600844,3.0200,3.0200,2.9900,3.0100,3.0100,6849454,20552937.0100,3,0.832500,1,0.000000
267,2023-03-27,sh.600844,3.0200,3.0200,2.9600,2.9800,3.0100,7136510,21257393.8000,3,0.867400,1,-0.996700
268,2023-03-28,sh.600844,2.9900,2.9900,2.9500,2.9500,2.9800,6422800,19026351.0000,3,0.780700,1,-1.006700
269,2023-03-29,sh.600844,2.9700,2.9700,2.9000,2.9000,2.9500,6198500,18126752.0000,3,0.753400,1,-1.694900
270,2023-03-30,sh.600844,2.9100,2.9100,2.8600,2.8900,2.9000,8578100,24766164.0000,3,1.042600,1,-0.344800
271,2023-03-31,sh.600844,2.9000,2.9200,2.8800,2.9000,2.8900,4894410,14196585.9000,3,0.594900,1,0.346000
272,2023-04-03,sh.600844,2.9200,3.0000,2.9100,2.9800,2.9000,11938000,35482571.0000,3,1.451000,1,2.758600
273,2023-04-04,sh.600844,2.9800,3.0000,2.9400,2.9600,2.9800,6976400,20635746.0000,3,0.848000,1,-0.671100
274,2023-04-06,sh.600844,2.9600,2.9800,2.9300,2.9700,2.9600,5658700,16742077.0000,3,0.687800,1,0.337800
275,2023-04-07,sh.600844,2.9700,2.9700,2.9700,2.9700,2.9700,,,3,,0,
276,2023-04-10,sh.600844,2.9700,2.9700,2.9700,2.9700,2.9700,,,3,,0,
277,2023-04-11,sh.600844,3.1000,3.1700,3.0000,3.0100,2.9700,24544957,74730056.5600,3,2.983400,1,1.346800
278,2023-04-12,sh.600844,2.9900,3.1500,2.9500,3.0700,3.0100,20836032,63671953.2400,3,2.532500,1,1.993400
279,2023-04-13,sh.600844,3.0400,3.0600,2.9900,3.0100,3.0700,13337052,40184931.7200,3,1.621100,1,-1.954400
280,2023-04-14,sh.600844,3.0100,3.0200,2.9700,3.0100,3.0100,6764810,20283105.1000,3,0.822200,1,0.000000
281,2023-04-17,sh.600844,3.0000,3.0100,2.9800,2.9900,3.0100,5086611,15219121.7900,3,0.618300,1,-0.664500
282,2023-04-18,sh.600844,2.9900,3.0000,2.9600,3.0000,2.9900,4959800,14781846.0000,3,0.602800,1,0.334400
283,2023-04-19,sh.600844,2.9900,3.0000,2.9400,2.9500,3.0000,5746515,17009066.4300,3,0.698500,1,-1.666700
284,2023-04-20,sh.600844,2.9500,2.9700,2.8800,2.9300,2.9500,5973245,17511668.6000,3,0.726000,1,-0.678000
285,2023-04-21,sh.600844,2.9100,2.9400,2.8500,2.8500,2.9300,5860529,16893470.6500,3,0.712300,1,-2.730400
286,2023-04-24,sh.600844,2.8500,2.8600,2.7700,2.8000,2.8500,6237865,17508413.1600,3,0.758200,1,-1.754400
287,2023-04-25,sh.600844,2.7800,2.8000,2.6600,2.7100,2.8000,8930900,24379525.0000,3,1.085500,1,-3.214300
288,2023-04-26,sh.600844,2.7300,2.7700,2.7100,2.7500,2.7100,4241100,11652401.0000,3,0.515500,1,1.476000
289,2023-04-27,sh.600844,2.7700,2.8300,2.7500,2.7900,2.7500,5613952,15636168.1600,3,0.682400,1,1.454500
290,2023-04-28,sh.600844,2.7900,2.8700,2.7700,2.8600,2.7900,4654429,13200055.7800,3,0.565700,1,2.509000
291,2023-05-04,sh.600844,2.8400,2.9200,2.8000,2.9000,2.8600,4995511,14417249.8900,3,0.607200,1,1.398600
292,2023-05-05,sh.600844,2.8900,2.9000,2.8500,2.8800,2.9000,4256200,12243909.0000,3,0.517300,1,-0.689700
293,2023-05-08,sh.600844,2.8800,2.9000,2.8700,2.8700,2.8800,3487950,10050093.0000,3,0.423900,1,-0.347200
294,2023-05-09,sh.600844,2.8700,2.9000,2.8600,2.8600,2.8700,4047200,11658491.0000,3,0.491900,1,-0.348400
295,2023-05-10,sh.600844,2.8600,2.9200,2.8500,2.8900,2.8600,4856100,14024676.0000,3,0.590200,1,1.049000
296,2023-05-11,sh.600844,2.9000,2.9000,2.8700,2.9000,2.8900,3053400,8820897.0000,3,0.371100,1,0.346000
297,2023-05-12,sh.600844,2.8900,2.9000,2.8500,2.8500,2.9000,3341500,9581616.0000,3,0.406100,1,-1.724100
298,2023-05-15,sh.600844,2.8500,2.8900,2.8400,2.8700,2.8500,3795427,10869137.9500,3,0.461300,1,0.701800
299,2023-05-16,sh.600844,2.8800,2.8900,2.8300,2.8400,2.8700,2769035,7880344.7500,3,0.336600,1,-1.045300
300,2023-05-17,sh.600844,2.8400,2.8500,2.8100,2.8400,2.8400,3214600,9104253.0000,3,0.390700,1,0.000000
301,2023-05-18,sh.600844,2.8400,2.9300,2.8200,2.9000,2.8400,6051900,17358460.0000,3,0.735600,1,2.112700
302,2023-05-19,sh.600844,2.9000,2.9000,2.8600,2.8700,2.9000,2760462,7923591.3200,3,0.335500,1,-1.034500
303,2023-05-22,sh.600844,2.8800,2.9000,2.8300,2.8700,2.8700,3855801,11029067.8300,3,0.468700,1,0.000000
304,2023-05-23,sh.600844,2.8700,2.8800,2.8500,2.8500,2.8700,2824109,8082371.6500,3,0.343300,1,-0.696900
305,2023-05-24,sh.600844,2.8500,2.8600,2.8100,2.8100,2.8500,3902437,11047433.0200,3,0.474300,1,-1.403500
306,2023-05-25,sh.600844,2.8100,2.8300,2.7500,2.7900,2.8100,5348600,14903655.0000,3,0.650100,1,-0.711700
307,2023-05-26,sh.600844,2.8000,2.8100,2.7400,2.7700,2.7900,2628900,7260830.0000,3,0.319500,1,-0.716800
308,2023-05-29,sh.600844,2.7600,2.7700,2.7100,2.7200,2.7700,5091300,13898419.0000,3,0.618800,1,-1.805100
309,2023-05-30,sh.600844,2.7300,2.7500,2.6600,2.7300,2.7200,4443200,12002183.0000,3,0.540100,1,0.367600
310,2023-05-31,sh.600844,2.7300,2.7400,2.7000,2.7200,2.7300,2382153,6477147.6300,3,0.289500,1,-0.366300
311,2023-06-01,sh.600844,2.7000,2.7500,2.7000,2.7200,2.7200,3818953,10409175.6900,3,0.464200,1,0.000000
312,2023-06-02,sh.600844,2.7300,2.7800,2.7300,2.7600,2.7200,4174500,11477140.0000,3,0.507400,1,1.470600
313,2023-06-05,sh.600844,2.7800,2.8700,2.7700,2.8500,2.7600,7271901,20571235.7800,3,0.883900,1,3.260900
314,2023-06-06,sh.600844,2.8500,2.8500,2.7500,2.7600,2.8500,4615000,12922750.0000,3,0.560900,1,-3.157900
315,2023-06-07,sh.600844,2.7800,2.7800,2.7300,2.7500,2.7600,2914310,8006756.5000,3,0.354200,1,-0.362300
316,2023-06-08,sh.600844,2.7300,2.7700,2.7300,2.7400,2.7500,2515600,6905627.0000,3,0.305800,1,-0.363600
317,2023-06-09,sh.600844,2.7500,2.7500,2.7000,2.7100,2.7400,4924400,13375702.0000,3,0.598500,1,-1.094900
318,2023-06-12,sh.600844,2.7200,2.7700,2.6900,2.7600,2.7100,3813300,10393556.0000,3,0.463500,1,1.845000
319,2023-06-13,sh.600844,2.7400,2.7800,2.7400,2.7400,2.7600,2687800,7396964.0000,3,0.326700,1,-0.724600
320,2023-06-14,sh.600844,2.7400,2.7600,2.7200,2.7500,2.7400,2607620,7144238.8000,3,0.316900,1,0.365000
321,2023-06-15,sh.600844,2.7400,2.7500,2.7200,2.7300,2.7500,3118900,8521492.0000,3,0.379100,1,-0.727300
322,2023-06-16,sh.600844,2.7400,2.7600,2.7300,2.7400,2.7300,3129501,8574053.7400,3,0.380400,1,0.366300
323,2023-06-19,sh.600844,2.7400,2.7400,2.7100,2.7200,2.7400,2964500,8077218.0000,3,0.360300,1,-0.729900
324,2023-06-20,sh.600844,2.7200,2.9900,2.7200,2.8700,2.7200,23202956,66652241.4600,3,2.820200,1,5.514700
325,2023-06-21,sh.600844,2.9000,2.9000,2.7600,2.7800,2.8700,12289725,34401422.5100,3,1.493800,1,-3.135900
326,2023-06-26,sh.600844,2.7400,2.7500,2.6800,2.6800,2.7800,8292300,22384721.0000,3,1.007900,1,-3.597100
327,2023-06-27,sh.600844,2.6700,2.7300,2.6600,2.7200,2.6800,4464900,12062384.0000,3,0.542700,1,1.492500
328,2023-06-28,sh.600844,2.7400,2.7400,2.6600,2.7000,2.7200,4454690,11986772.3100,3,0.541500,1,-0.735300
329,2023-06-29,sh.600844,2.6900,2.7100,2.6900,2.7100,2.7000,2754441,7436656.9100,3,0.334800,1,0.370400
330,2023-06-30,sh.600844,2.7000,2.7500,2.7000,2.7400,2.7100,3891600,10649253.0000,3,0.473000,1,1.107000
331,2023-07-03,sh.600844,2.7400,2.7800,2.7400,2.7600,2.7400,3575800,9864281.3800,3,0.434600,1,0.729900
332,2023-07-04,sh.600844,2.7700,2.7700,2.7400,2.7500,2.7600,2962000,8159283.0000,3,0.360000,1,-0.362300
333,2023-07-05,sh.600844,2.7500,2.8000,2.7400,2.7800,2.7500,5856062,16254356.7400,3,0.711800,1,1.090900
334,2023-07-06,sh.600844,2.7900,2.8000,2.7600,2.7800,2.7800,3974802,11020141.5400,3,0.483100,1,0.000000
335,2023-07-07,sh.600844,2.7800,2.8000,2.7600,2.7600,2.7800,2994502,8306701.5400,3,0.364000,1,-0.719400
336,2023-07-10,sh.600844,2.7800,2.7800,2.7500,2.7800,2.7600,2770101,7676464.7700,3,0.336700,1,0.724600
337,2023-07-11,sh.600844,2.7800,2.8000,2.7700,2.7900,2.7800,3138162,8746396.9800,3,0.381400,1,0.359700
338,2023-07-12,sh.600844,2.8000,2.8100,2.7700,2.7800,2.7900,4029500,11247487.0000,3,0.489800,1,-0.358400
339,2023-07-13,sh.600844,2.7700,2.8000,2.7600,2.7700,2.7800,3038900,8445735.0000,3,0.369400,1,-0.359700
340,2023-07-14,sh.600844,2.7900,2.7900,2.7500,2.7700,2.7700,2997000,8296028.0000,3,0.364300,1,0.000000
341,2023-07-17,sh.600844,2.7500,2.7600,2.7200,2.7500,2.7700,2712500,7443267.0000,3,0.329700,1,-0.722000
342,2023-07-18,sh.600844,2.7500,2.8000,2.7400,2.7800,2.7500,4897407,13549240.2500,3,0.595300,1,1.090900
343,2023-07-19,sh.600844,2.8000,2.8300,2.7800,2.8200,2.7800,4689560,13176595.0000,3,0.570000,1,1.438800
344,2023-07-20,sh.600844,2.8300,2.9300,2.8200,2.8600,2.8200,11476300,33090570.5200,3,1.394900,1,1.418400
345,2023-07-21,sh.600844,2.8700,2.9000,2.8500,2.8800,2.8600,5146600,14769808.0000,3,0.625600,1,0.699300
346,2023-07-24,sh.600844,2.8600,2.8800,2.8400,2.8400,2.8800,3439001,9812604.8400,3,0.418000,1,-1.388900
347,2023-07-25,sh.600844,2.8700,2.8800,2.8500,2.8700,2.8400,3640500,10417521.0000,3,0.442500,1,1.056300
348,2023-07-26,sh.600844,2.8800,2.9200,2.8600,2.9100,2.8700,5663040,16379645.9900,3,0.688300,1,1.393700
349,2023-07-27,sh.600844,2.9100,2.9300,2.8900,2.8900,2.9100,4202900,12229440.9900,3,0.510800,1,-0.687300
350,2023-07-28,sh.600844,2.8900,2.9200,2.8600,2.9100,2.8900,5936900,17208075.0000,3,0.721600,1,0.692000
351,2023-07-31,sh.600844,2.9300,2.9500,2.8900,2.9300,2.9100,8909919,26026469.6600,3,1.083000,1,0.687300
352,2023-08-01,sh.600844,2.9200,2.9500,2.9100,2.9300,2.9300,5209400,15236677.0000,3,0.633200,1,0.000000
353,2023-08-02,sh.600844,2.9300,2.9400,2.9000,2.9200,2.9300,3680600,10749114.0000,3,0.447400,1,-0.341300
354,2023-08-03,sh.600844,2.9200,2.9400,2.9100,2.9200,2.9200,3444203,10046851.7500,3,0.418600,1,0.000000
355,2023-08-04,sh.600844,2.9300,2.9400,2.8900,2.8900,2.9200,5854200,17034844.0000,3,0.711600,1,-1.027400
356,2023-08-07,sh.600844,2.9000,2.9000,2.8600,2.8800,2.8900,4324101,12446605.8600,3,0.525600,1,-0.346000
357,2023-08-08,sh.600844,2.8800,2.8900,2.8600,2.8700,2.8800,2870201,8253151.8700,3,0.348900,1,-0.347200
358,2023-08-09,sh.600844,2.8800,2.8900,2.8500,2.8700,2.8700,3206000,9199139.0000,3,0.389700,1,0.000000
359,2023-08-10,sh.600844,2.8600,2.9200,2.8500,2.9100,2.8700,4700200,13586298.0000,3,0.571300,1,1.393700
360,2023-08-11,sh.600844,2.9100,2.9200,2.8200,2.8300,2.9100,5554800,15888666.0000,3,0.675200,1,-2.749100
361,2023-08-14,sh.600844,2.8100,2.8700,2.8000,2.8600,2.8300,3675702,10418182.7200,3,0.446800,1,1.060100
362,2023-08-15,sh.600844,2.8600,2.8700,2.8100,2.8300,2.8600,3561297,10095917.4500,3,0.432900,1,-1.049000
363,2023-08-16,sh.600844,2.8200,2.8500,2.8000,2.8100,2.8300,3987900,11238393.0000,3,0.484700,1,-0.706700
364,2023-08-17,sh.600844,2.8100,2.8800,2.7800,2.8600,2.8100,4605500,13051041.0000,3,0.559800,1,1.779400
365,2023-08-18,sh.600844,2.8600,2.8800,2.8300,2.8300,2.8600,3752800,10721194.0000,3,0.456100,1,-1.049000
366,2023-08-21,sh.600844,2.8300,2.8700,2.8200,2.8300,2.8300,2814800,7979766.0000,3,0.342100,1,0.000000
367,2023-08-22,sh.600844,2.8400,2.8500,2.7300,2.7800,2.8300,6513400,18043765.0000,3,0.791700,1,-1.766800
368,2023-08-23,sh.600844,2.7900,2.8000,2.7200,2.7200,2.7800,3544800,9734065.0000,3,0.430900,1,-2.158300
369,2023-08-24,sh.600844,2.7400,2.7600,2.6900,2.7300,2.7200,3316300,9025972.0000,3,0.403100,1,0.367600
370,2023-08-25,sh.600844,2.7300,2.7800,2.6900,2.7100,2.7300,4455600,12174111.0000,3,0.541600,1,-0.732600
371,2023-08-28,sh.600844,2.8200,2.8300,2.7600,2.7800,2.7100,7781600,21737483.0000,3,0.945800,1,2.583000
372,2023-08-29,sh.600844,2.7800,2.8200,2.7500,2.8000,2.7800,4582900,12792017.0000,3,0.557000,1,0.719400
373,2023-08-30,sh.600844,2.8100,2.8300,2.7700,2.7900,2.8000,4388320,12256994.8000,3,0.533400,1,-0.357100
374,2023-08-31,sh.600844,2.7600,2.7900,2.6900,2.7000,2.7900,7526900,20473778.0000,3,0.914900,1,-3.225800
375,2023-09-01,sh.600844,2.7100,2.7300,2.6700,2.7000,2.7000,7333700,19739413.0000,3,0.891400,1,0.000000
376,2023-09-04,sh.600844,2.7200,2.8300,2.7100,2.8200,2.7000,11976200,33310046.0000,3,1.455700,1,4.444400
377,2023-09-05,sh.600844,2.8400,2.8400,2.7800,2.8000,2.8200,4887200,13682147.0000,3,0.594000,1,-0.709200
378,2023-09-06,sh.600844,2.7900,2.8300,2.7900,2.8100,2.8000,4181000,11759747.0000,3,0.508200,1,0.357100
379,2023-09-07,sh.600844,2.8200,2.8200,2.7500,2.7600,2.8100,4136968,11538502.7200,3,0.502800,1,-1.779400
380,2023-09-08,sh.600844,2.7700,2.7900,2.7500,2.7600,2.7600,2866300,7924996.0000,3,0.348400,1,0.000000
381,2023-09-11,sh.600844,2.7800,2.7900,2.7300,2.7800,2.7600,4685100,12963957.0000,3,0.569500,1,0.724600
382,2023-09-12,sh.600844,2.8100,2.9900,2.8000,2.8600,2.7800,21752500,62711436.0000,3,2.643900,1,2.877700
383,2023-09-13,sh.600844,2.9600,3.0300,2.8800,2.9000,2.8600,32394700,95860072.0000,3,3.937500,1,1.398600
384,2023-09-14,sh.600844,2.9000,3.0300,2.8800,2.9800,2.9000,29546700,87773822.0000,3,3.591300,1,2.758600
385,2023-09-15,sh.600844,2.9700,3.0800,2.9300,3.0300,2.9800,28516980,86042115.2000,3,3.466100,1,1.677900
386,2023-09-18,sh.600844,3.0600,3.0800,2.9900,3.0400,3.0300,20108001,60961396.0100,3,2.444100,1,0.330000
387,2023-09-19,sh.600844,3.0600,3.0700,3.0200,3.0600,3.0400,14244569,43423835.4400,3,1.731400,1,0.657900
388,2023-09-20,sh.600844,3.0300,3.0800,3.0200,3.0400,3.0600,10180748,30934279.9600,3,1.237400,1,-0.653600
389,2023-09-21,sh.600844,3.0200,3.0400,2.9500,2.9600,3.0400,13781048,41098722.5500,3,1.675000,1,-2.631600
390,2023-09-22,sh.600844,2.9500,2.9600,2.8600,2.8900,2.9600,16827562,48802812.4200,3,2.045300,1,-2.364900
391,2023-09-25,sh.600844,2.8900,2.9600,2.8700,2.9500,2.8900,14399800,42068733.0000,3,1.750200,1,2.076100
392,2023-09-26,sh.600844,2.9400,2.9500,2.8900,2.9000,2.9500,10045194,29321840.5400,3,1.221000,1,-1.694900
393,2023-09-27,sh.600844,3.0000,3.0400,2.9000,2.9600,2.9000,27238400,81151025.0000,3,3.310700,1,2.069000
394,2023-09-28,sh.600844,2.9800,3.0000,2.9400,2.9800,2.9600,12943300,38392454.0000,3,1.573200,1,0.675700
395,2023-10-09,sh.600844,3.0000,3.0200,2.9200,2.9300,2.9800,11351700,33493218.0000,3,1.379800,1,-1.677900
396,2023-10-10,sh.600844,2.9200,2.9600,2.8900,2.9000,2.9300,8627400,25147756.0000,3,1.048600,1,-1.023900
397,2023-10-11,sh.600844,2.8800,2.9100,2.8700,2.8800,2.9000,7543262,21772585.5600,3,0.916900,1,-0.689700
398,2023-10-12,sh.600844,2.9000,2.9000,2.8500,2.8800,2.8800,7771300,22296743.0000,3,0.944600,1,0.000000
399,2023-10-13,sh.600844,2.8700,2.8700,2.8000,2.8300,2.8800,7837700,22141365.0000,3,0.952600,1,-1.736100
400,2023-10-16,sh.600844,2.8200,2.8700,2.8100,2.8400,2.8300,5984000,16970205.0000,3,0.727300,1,0.353400
401,2023-10-17,sh.600844,2.8600,2.8600,2.8000,2.8100,2.8400,4642300,13069316.0000,3,0.564300,1,-1.056300
402,2023-10-18,sh.600844,2.8200,2.8400,2.7800,2.7800,2.8100,7723148,21668952.9200,3,0.938700,1,-1.067600
403,2023-10-19,sh.600844,2.7700,2.8200,2.7400,2.7700,2.7800,6482700,18061538.0000,3,0.787900,1,-0.359700
404,2023-10-20,sh.600844,2.7700,2.7900,2.7400,2.7500,2.7700,5639200,15574408.0000,3,0.685400,1,-0.722000
405,2023-10-23,sh.600844,2.7500,2.7600,2.6700,2.6900,2.7500,7794360,21107011.4000,3,0.947400,1,-2.181800
406,2023-10-24,sh.600844,2.7000,2.7800,2.6900,2.7600,2.6900,8868600,24355945.0000,3,1.077900,1,2.602200
407,2023-10-25,sh.600844,2.7800,2.8500,2.7700,2.8300,2.7600,7602100,21422451.0000,3,0.924000,1,2.536200
408,2023-10-26,sh.600844,2.8100,2.8300,2.7700,2.7900,2.8300,4724200,13173375.0000,3,0.574200,1,-1.413400
409,2023-10-27,sh.600844,2.7900,2.8200,2.7800,2.8000,2.7900,4555500,12767702.0000,3,0.553700,1,0.358400
410,2023-10-30,sh.600844,2.8100,2.8600,2.7800,2.8000,2.8000,6713394,18917914.3200,3,0.816000,1,0.000000
411,2023-10-31,sh.600844,2.8000,2.8300,2.7800,2.8300,2.8000,6323494,17821168.2600,3,0.768600,1,1.071400
412,2023-11-01,sh.600844,2.8200,2.8700,2.8100,2.8600,2.8300,6719194,19137401.9000,3,0.816700,1,1.060100
413,2023-11-02,sh.600844,2.8400,2.8700,2.8100,2.8500,2.8600,6045500,17185395.0000,3,0.734800,1,-0.349700
414,2023-11-03,sh.600844,2.8600,2.8800,2.8200,2.8400,2.8500,5386500,15353803.0000,3,0.654700,1,-0.350900
415,2023-11-06,sh.600844,2.8300,2.8700,2.8100,2.8700,2.8400,6979432,19856627.2400,3,0.848300,1,1.056300
416,2023-11-07,sh.600844,2.8600,2.9000,2.8500,2.8800,2.8700,6753500,19421159.0000,3,0.820900,1,0.348400
417,2023-11-08,sh.600844,2.8800,2.9000,2.8600,2.8600,2.8800,5017200,14420073.0000,3,0.609800,1,-0.694400
418,2023-11-09,sh.600844,2.8600,2.8700,2.8300,2.8500,2.8600,5268610,14992817.3000,3,0.640400,1,-0.349700
419,2023-11-10,sh.600844,2.8500,2.8600,2.8100,2.8500,2.8500,4105900,11636870.0000,3,0.499100,1,0.000000
420,2023-11-13,sh.600844,2.8700,3.1400,2.8500,3.1400,2.8500,36421280,111554825.2000,3,4.426900,1,10.175400
421,2023-11-14,sh.600844,3.1700,3.2900,3.1200,3.1500,3.1400,77775571,246848355.3600,3,9.453300,1,0.318500
422,2023-11-15,sh.600844,3.1700,3.4700,3.0800,3.2800,3.1500,69177140,224787848.0600,3,8.408200,1,4.127000
423,2023-11-16,sh.600844,3.1800,3.2200,3.1300,3.1300,3.2800,42124859,133159433.8600,3,5.120100,1,-4.573200
424,2023-11-17,sh.600844,3.1900,3.2800,3.1300,3.1500,3.1300,28998971,91695315.7800,3,3.524700,1,0.639000
425,2023-11-20,sh.600844,3.1800,3.1900,3.1200,3.1400,3.1500,23145400,72543589.0000,3,2.813200,1,-0.317500
426,2023-11-21,sh.600844,3.1600,3.2400,3.1200,3.2000,3.1400,34962700,110884203.0000,3,4.249600,1,1.910800
427,2023-11-22,sh.600844,3.2000,3.2700,3.1400,3.1800,3.2000,28157801,89616947.2000,3,3.422500,1,-0.625000
428,2023-11-23,sh.600844,3.3300,3.4500,3.1900,3.2200,3.1800,56966819,187729703.0800,3,6.924100,1,1.257900
429,2023-11-24,sh.600844,3.1800,3.1900,3.0900,3.1100,3.2200,32065580,100294990.6000,3,3.897500,1,-3.416100
430,2023-11-27,sh.600844,3.0800,3.1500,3.0700,3.0900,3.1100,16095400,49963156.0000,3,1.956300,1,-0.643100
431,2023-11-28,sh.600844,3.0800,3.1200,3.0700,3.1100,3.0900,13495938,41717467.6400,3,1.640400,1,0.647200
432,2023-11-29,sh.600844,3.1100,3.1700,3.0700,3.0800,3.1100,12379200,38479449.0000,3,1.504600,1,-0.964600
433,2023-11-30,sh.600844,3.0800,3.1000,3.0600,3.0900,3.0800,13484100,41575596.0000,3,1.638900,1,0.324700
434,2023-12-01,sh.600844,3.1000,3.2100,3.0800,3.2000,3.0900,18593300,58381602.0000,3,2.259900,1,3.559900
435,2023-12-04,sh.600844,3.1600,3.2000,3.1200,3.1500,3.2000,15114200,47422826.0000,3,1.837100,1,-1.562500
436,2023-12-05,sh.600844,3.1500,3.1600,3.1200,3.1300,3.1500,10591701,33244309.1300,3,1.287400,1,-0.634900
437,2023-12-06,sh.600844,3.1200,3.1800,3.1000,3.1400,3.1300,10373400,32621927.0000,3,1.260900,1,0.319500
438,2023-12-07,sh.600844,3.1300,3.1400,3.0800,3.1100,3.1400,10478800,32535387.0000,3,1.273700,1,-0.955400
439,2023-12-08,sh.600844,3.1000,3.1300,3.0700,3.0700,3.1100,10068100,31134064.0000,3,1.223700,1,-1.286200
440,2023-12-11,sh.600844,3.0700,3.1100,3.0400,3.0800,3.0700,8594802,26508348.1600,3,1.044700,1,0.325700
441,2023-12-12,sh.600844,3.0900,3.1100,3.0400,3.1000,3.0800,9775700,30008820.0000,3,1.188200,1,0.649400
442,2023-12-13,sh.600844,3.1000,3.1600,3.0800,3.1200,3.1000,11900607,37260087.7000,3,1.446500,1,0.645200
443,2023-12-14,sh.600844,3.1300,3.1400,3.1000,3.1100,3.1200,8070900,25164068.0000,3,0.981000,1,-0.320500
444,2023-12-15,sh.600844,3.1200,3.1300,3.0900,3.1300,3.1100,7394400,23019510.0000,3,0.898800,1,0.643100
445,2023-12-18,sh.600844,3.1100,3.2800,3.0700,3.2000,3.1300,33924700,108152387.0000,3,4.123400,1,2.236400
446,2023-12-19,sh.600844,3.1600,3.2200,3.1000,3.1900,3.2000,24487240,77268419.6000,3,2.976300,1,-0.312500
447,2023-12-20,sh.600844,3.2000,3.2000,3.1000,3.1000,3.1900,14019800,44081463.0000,3,1.704100,1,-2.821300
448,2023-12-21,sh.600844,3.0800,3.1300,3.0500,3.1100,3.1000,13497101,41669557.0700,3,1.640500,1,0.322600
449,2023-12-22,sh.600844,3.1300,3.1700,3.0600,3.0800,3.1100,15522400,48312046.0000,3,1.886700,1,-0.964600
450,2023-12-25,sh.600844,3.0500,3.0800,3.0200,3.0200,3.0800,9760400,29660656.0000,3,1.186300,1,-1.948100
451,2023-12-26,sh.600844,3.0200,3.0900,3.0100,3.0600,3.0200,10896840,33351651.0000,3,1.324500,1,1.324500
452,2023-12-27,sh.600844,3.0500,3.0600,3.0000,3.0500,3.0600,8214900,24901558.0000,3,0.998500,1,-0.326800
453,2023-12-28,sh.600844,3.0300,3.0900,3.0200,3.0500,3.0500,9175201,28044383.0500,3,1.115200,1,0.000000
454,2023-12-29,sh.600844,3.0600,3.0700,3.0300,3.0300,3.0500,8745701,26619444.0300,3,1.063000,1,-0.655700
455,2024-01-02,sh.600844,3.0300,3.1000,3.0200,3.0800,3.0300,10369500,31913780.0000,3,1.260400,1,1.650200
456,2024-01-03,sh.600844,3.0800,3.3900,3.0800,3.3900,3.0800,24966200,83219815.0000,3,3.034600,1,10.064900
457,2024-01-04,sh.600844,3.6900,3.7300,3.5200,3.7300,3.3900,112864573,418379162.7100,3,13.718300,1,10.029500
458,2024-01-05,sh.600844,3.5200,3.7000,3.3600,3.3700,3.7300,136319418,473202980.1900,3,16.569100,1,-9.651500
459,2024-01-08,sh.600844,3.2900,3.3500,3.1700,3.3400,3.3700,72212074,235402133.7400,3,8.777100,1,-0.890200
460,2024-01-09,sh.600844,3.2900,3.6600,3.2600,3.5100,3.3400,97409709,337969044.8000,3,11.839800,1,5.089800
461,2024-01-10,sh.600844,3.4000,3.8600,3.4000,3.8600,3.5100,100623009,375341481.7700,3,12.230400,1,9.971500
462,2024-01-11,sh.600844,3.6700,3.9900,3.5600,3.7200,3.8600,116369794,433023503.4400,3,14.144300,1,-3.626900
463,2024-01-12,sh.600844,3.6700,4.0900,3.6600,3.9400,3.7200,146526443,573100731.5500,3,17.809800,1,5.914000
464,2024-01-15,sh.600844,3.9100,4.3300,3.9100,4.3300,3.9400,173134672,724793253.7500,3,21.043900,1,9.898500
465,2024-01-16,sh.600844,4.0500,4.0800,3.9000,3.9000,4.3300,98319827,385933741.6700,3,11.950400,1,-9.930700
466,2024-01-17,sh.600844,3.8100,3.8600,3.5100,3.5500,3.9000,100938124,366080074.1700,3,12.268700,1,-8.974400
467,2024-01-18,sh.600844,3.4800,3.6700,3.3300,3.6400,3.5500,70476032,249903228.3500,3,8.566100,1,2.535200
468,2024-01-19,sh.600844,3.6400,3.6400,3.4600,3.4900,3.6400,45189422,158723000.0000,3,5.492600,1,-4.120900
469,2024-01-22,sh.600844,3.3900,3.4600,3.2000,3.2400,3.4900,45332089,151112869.1000,3,5.510000,1,-7.163300
470,2024-01-23,sh.600844,3.2600,3.3900,3.2100,3.2800,3.2400,32398200,106638103.0000,3,3.937900,1,1.234600
471,2024-01-24,sh.600844,3.2800,3.3700,3.2000,3.3500,3.2800,32617900,107651250.0000,3,3.964600,1,2.134100
472,2024-01-25,sh.600844,3.3400,3.3900,3.2900,3.3700,3.3500,31479300,105023764.0000,3,3.826200,1,0.597000
473,2024-01-26,sh.600844,3.3600,3.4300,3.3100,3.3800,3.3700,28888500,97637679.0000,3,3.511300,1,0.296700
474,2024-01-29,sh.600844,3.3500,3.3800,3.2200,3.2300,3.3800,25538600,83864457.0000,3,3.104100,1,-4.437900
475,2024-01-30,sh.600844,3.1000,3.2000,3.0600,3.0800,3.2300,23434800,73360160.6500,3,2.848400,1,-4.644000
476,2024-01-31,sh.600844,3.0700,3.1200,2.8400,2.8600,3.0800,30824500,90357066.0000,3,3.746600,1,-7.142900
477,2024-02-01,sh.600844,2.8500,2.8500,2.6900,2.7500,2.8600,23737000,65494900.0000,3,2.885100,1,-3.846200
478,2024-02-02,sh.600844,2.7600,2.8200,2.5400,2.6000,2.7500,23063800,61548364.0000,3,2.803300,1,-5.454500
479,2024-02-05,sh.600844,2.6100,2.6200,2.3400,2.3400,2.6000,23765200,56472235.0000,3,2.888600,1,-10.000000
480,2024-02-06,sh.600844,2.4200,2.5400,2.2300,2.3400,2.3400,37397700,88639803.0000,3,4.545600,1,0.000000
481,2024-02-07,sh.600844,2.3200,2.3500,2.1100,2.1300,2.3400,33143200,72864066.0000,3,4.028400,1,-8.974400
482,2024-02-08,sh.600844,2.0500,2.3400,2.0300,2.3400,2.1300,22947790,50889277.0200,3,2.789200,1,9.859200
483,2024-02-19,sh.600844,2.4500,2.5100,2.3300,2.4700,2.3400,31172161,75528637.2100,3,3.788900,1,5.555600
484,2024-02-20,sh.600844,2.4600,2.5100,2.4100,2.4800,2.4700,20394500,50130753.0000,3,2.478900,1,0.404900
485,2024-02-21,sh.600844,2.4500,2.6500,2.4200,2.5700,2.4800,25660500,65987293.0000,3,3.118900,1,3.629000
486,2024-02-22,sh.600844,2.5600,2.6700,2.5600,2.6200,2.5700,17624799,45881114.4300,3,2.142200,1,1.945500
487,2024-02-23,sh.600844,2.6300,2.7100,2.6000,2.7000,2.6200,21938500,58287203.0000,3,2.666500,1,3.053400
488,2024-02-26,sh.600844,2.7100,2.8200,2.6900,2.7600,2.7000,20121521,55492475.1600,3,2.445700,1,2.222200
489,2024-02-27,sh.600844,2.7600,2.8200,2.7600,2.8100,2.7600,16147901,45138860.8000,3,1.962700,1,1.811600
490,2024-02-28,sh.600844,2.8200,2.9300,2.5800,2.5900,2.8100,31532800,87086929.0000,3,3.832700,1,-7.829200
491,2024-02-29,sh.600844,2.5300,2.7100,2.5000,2.7000,2.5900,20747200,54774759.0000,3,2.521700,1,4.247100
492,2024-03-01,sh.600844,2.7100,2.7500,2.6600,2.7000,2.7000,13701500,36987525.0000,3,1.665400,1,0.000000
493,2024-03-04,sh.600844,2.7000,2.7300,2.6200,2.6700,2.7000,11340600,30103380.0000,3,1.378400,1,-1.111100
494,2024-03-05,sh.600844,2.6700,2.6700,2.6000,2.6000,2.6700,12640200,33201531.0000,3,1.536400,1,-2.621700
495,2024-03-06,sh.600844,2.6000,2.6700,2.5900,2.6300,2.6000,11059608,29096361.8000,3,1.344300,1,1.153800
496,2024-03-07,sh.600844,2.6300,2.6700,2.6100,2.6300,2.6300,11956000,31556892.0000,3,1.453200,1,0.000000
497,2024-03-08,sh.600844,2.6300,2.6700,2.6100,2.6700,2.6300,10412600,27596947.0000,3,1.265600,1,1.520900
498,2024-03-11,sh.600844,2.6700,2.7700,2.6500,2.7700,2.6700,16585100,45084777.0000,3,2.015900,1,3.745300
499,2024-03-12,sh.600844,2.7600,2.8500,2.7300,2.8400,2.7700,15096700,42123775.0000,3,1.835000,1,2.527100
500,2024-03-13,sh.600844,2.8200,2.8200,2.7600,2.7700,2.8400,9990400,27805363.0000,3,1.214300,1,-2.464800
501,2024-03-14,sh.600844,2.7700,2.8100,2.7200,2.7600,2.7700,8160100,22602865.0000,3,0.991800,1,-0.361000
502,2024-03-15,sh.600844,2.7600,2.8400,2.7300,2.8300,2.7600,12931000,36233853.0000,3,1.571700,1,2.536200
503,2024-03-18,sh.600844,2.8300,2.8600,2.8100,2.8600,2.8300,10027470,28483348.4000,3,1.218800,1,1.060100
504,2024-03-19,sh.600844,2.8600,2.8800,2.8400,2.8500,2.8600,9601100,27453102.0000,3,1.167000,1,-0.349700
505,2024-03-20,sh.600844,2.8300,2.9000,2.8300,2.9000,2.8500,9701201,27973744.8800,3,1.179100,1,1.754400
506,2024-03-21,sh.600844,2.9200,3.1900,2.9000,3.1900,2.9000,43997506,138275101.0800,3,5.347700,1,10.000000
507,2024-03-22,sh.600844,3.1700,3.5000,3.0900,3.3500,3.1900,76572662,254053899.7600,3,9.307100,1,5.015700
508,2024-03-25,sh.600844,3.3000,3.3300,3.1300,3.1300,3.3500,36124259,115430404.1600,3,4.390800,1,-6.567200
509,2024-03-26,sh.600844,3.1500,3.3700,3.1400,3.2500,3.1300,35111101,114315170.2500,3,4.267600,1,3.833900
510,2024-03-27,sh.600844,3.2200,3.4900,3.1200,3.3500,3.2500,46858815,155151205.8600,3,5.695500,1,3.076900
511,2024-03-28,sh.600844,3.3100,3.4800,3.1900,3.3800,3.3500,37199006,123168660.6200,3,4.521400,1,0.895500
512,2024-03-29,sh.600844,3.3600,3.4600,3.2800,3.3500,3.3800,28665623,96645413.3100,3,3.484200,1,-0.887600
513,2024-04-01,sh.600844,3.4500,3.5500,3.2600,3.3600,3.3500,33918124,114960939.9200,3,4.122600,1,0.298500
514,2024-04-02,sh.600844,3.3200,3.4200,3.2600,3.2900,3.3600,24633601,81373043.0400,3,2.994100,1,-2.083300
515,2024-04-03,sh.600844,3.2800,3.2800,3.1800,3.1900,3.2900,22727879,73061280.1700,3,2.762500,1,-3.039500
516,2024-04-08,sh.600844,3.1600,3.2000,3.0900,3.1000,3.1900,22320300,70021508.0000,3,2.713000,1,-2.821300
517,2024-04-09,sh.600844,3.1100,3.1500,3.0900,3.1100,3.1000,11694116,36425751.5600,3,1.421400,1,0.322600
